g_load,vibration_freq,load_angle,peak_stress_pa,safety_margin
7.335,214.0,86.14,22577502.766590323,65.43781712739577
0.613,122.6,36.11,79243710.16378605,17.92894712904914
6.215,380.3,17.42,270864629.4839403,4.537821615387164
4.081,265.7,22.83,171826088.87696284,7.729756987450751
2.509,354.4,7.0,113738724.52390198,12.18812046010572
1.165,561.1,62.71,24393699.226624906,60.49128863418961
2.065,309.2,68.59,34431000.3341774,42.56539123003778
7.867,150.7,0.48,596527454.7008861,1.5145531662949825
5.083,345.1,74.4,62445008.83394456,23.02113520375728
3.859,296.1,32.93,147951597.63724416,9.138450844429421
6.596,450.8,43.53,218433863.30923033,5.867067117136937
1.486,138.3,12.65,188629481.2804223,6.952097359426306
4.576,588.1,21.48,194532638.777778,6.7107883254157
1.749,539.1,77.25,17627172.926292267,84.09589179570798
4.737,492.2,27.75,191512508.16512206,6.832386585980589
5.448,440.3,84.2,25140171.332160484,58.665464494314314
6.994,421.5,53.1,191831469.81981856,6.819363535132709
3.497,180.3,46.51,109954081.86880971,12.642058343861263
5.861,230.5,56.43,148017400.95548642,9.133943646606106
2.912,521.5,66.98,52004587.908424646,27.843609003139562
