g_load,vibration_freq,load_angle,peak_stress_mpa,safety_margin
2.3065109878610093,326.01869267079917,84.42420624026586,10.237478159908392,145.52045909843704
3.825657992735159,515.0970442018724,9.073132945089732,172.5746519011525,7.691890630955303
2.059715074502412,436.89892824538407,29.615659101973357,81.79859614213359,17.3377230263658
7.137403515526108,477.1533662627903,30.219705033454197,281.73722638288984,4.324110055521921
4.089033719979834,219.6206397788195,25.669757403518012,168.35730049146676,7.909622544559795
7.443190319553806,574.0902535497362,20.808548231687475,317.83684104491834,3.7194025559422554
4.293092207001854,206.13892668129893,66.72573677974388,77.49122225301785,18.35703111124413
1.9113685079675329,583.8216995934183,69.3206366360334,30.83385660637102,47.647823045595395
7.55540412573156,530.0893548691338,13.599836988818897,335.46401097079473,3.4714185454921687
2.739049058553193,347.42850846554086,81.95085314027264,17.520103320139224,84.61593345604084
5.3138094610230455,350.5415044594298,23.022523925585542,223.40796307036405,5.714174281816282
6.407385073491283,458.8407364787365,56.43158592274714,161.84223920300792,8.268285012532884
1.467519623666132,292.0715845629011,5.319271952847347,66.74960788472245,21.47204212181324
0.8325465013293725,309.38080135212783,0.5019654118264877,38.03040329056825,38.442127093403926
6.574933724499438,144.7938893102993,57.5032205958144,336.3242119788134,3.459982203405837
3.5488089106257994,410.2086936828304,89.13501568820926,2.447320308721485,611.9152749864693
0.5793761240062562,281.00412527317815,47.40027539257468,17.91457535093992,82.73070366534253
1.7481594325622487,253.55126037496436,76.00544743022391,19.312107520732752,76.67148139526752
7.823708655343416,486.9878494829672,49.623252673384975,231.52609332045307,5.478751394659712
5.857814701011777,397.67005003120573,38.65640977939208,208.96493217277717,6.178237919651343
6.8328992595523825,175.48172989761446,64.30429168055645,135.33962377345063,10.083228681874413
4.558750285645994,372.7546946666568,52.339261798026016,127.23753458927605,10.788974101408158
5.110198209813647,128.26749836562314,17.907546496296185,777.4604179552532,0.929358672619051
2.8908206526919096,546.4235887863412,73.77441406882609,36.89925421510941,39.65122810492424
1.0366492316829585,162.76767523557766,8.825091774932801,53.98446888375407,26.78576933358338
5.679654026994501,111.77343737055527,43.014250455819315,663.9811277742839,1.2591003527888152
3.1107419619146803,420.2683631815598,40.00705937901784,108.84591811354424,12.780948573884531
6.148403284639983,236.4329935888994,80.4990812402769,46.36094570750117,31.354818848255306
3.494321981716535,565.1658689870726,60.832921948210654,77.79471933436271,18.28151438599554
4.884530692437153,197.31213701610665,34.496865674689914,183.89587317125992,7.156789894915526
6.948854823996189,586.656233032445,86.48573647439434,19.45770834379392,76.0902705239915
1.1223480415384688,595.3752259120306,7.999336327288068,50.77151624871041,28.5441245570069
0.8580664369272323,106.20701931295197,55.22310158505975,78.25177548225057,18.168894133785333
7.982088846240665,373.32730830341524,87.34194849305499,16.90988379597351,87.70551791474593
7.4639043719389555,275.069092791092,7.862197282328881,337.7562996236101,3.4410718665249895
3.5032863580245275,103.64010873248922,87.52419592634239,24.19587104871028,60.99404836388211
7.738592054067548,114.98276450358362,25.946202412940327,1112.5715042844245,0.3482279513933433
7.900600583941998,142.41984398750887,88.39332601579846,23.410036188263778,63.075082496113325
0.6633731290789566,468.9524062308315,56.339948868366704,16.796307580148554,88.30534242971592
0.7985134682959032,182.04468088643455,88.95093578646053,0.6678462898021712,2245.025803997996
7.266073547060626,414.95105835989256,2.8551668542163267,331.5121397655356,3.5247211793235866
7.594907729855835,300.7728410190791,46.995714043992336,236.63542797764504,5.33886486406298
2.034887930874039,432.06744988404466,0.8972196446667572,92.94506668475591,15.138564998695273
5.876965666419751,101.2623471910582,0.652160638832044,939.5765349223512,0.5964638794688113
0.883418922640818,566.0202018689703,37.95944973915312,31.81836832784563,46.14258080566894
7.914375427751982,489.4991696461626,83.68991366661011,39.73654763054621,36.74862411164584
5.769213212321843,569.8773218675332,0.2511515446686514,263.5430180235413,4.691670419688411
5.611645432348189,598.8006775895733,47.20753073588134,174.14845036810013,7.613341070962319
1.3990718464726224,512.0362187244967,87.98421796255576,2.248073244938272,666.2380463480794
4.783685050917204,198.47221604154657,0.9647449707479709,218.49429852440588,5.865167696046081
0.5402566532398191,368.9202534641196,32.51940045233382,20.8101253255627,71.08029632370513
0.6991786135907607,116.46410142881997,31.0677522974809,95.75288889432618,14.665323702717885
0.5043052177639036,394.836096139653,72.94477391555984,6.756701679370293,221.00180963736082
3.047692786359319,599.3504374279167,89.18644287431788,1.9767926253011068,757.8049352275981
4.6184319613552764,322.00652770939803,0.5512634236075353,210.96652348649343,6.110132807852964
2.4410907231572265,184.44634381858373,41.08521170678712,84.05055210107882,16.846402700557
7.504866042806186,100.03751876364653,72.99432640889272,333.6212235904179,3.4961168353052052
4.869499539153989,517.5624461933387,88.32507953000102,6.501792841556439,229.7055971412526
0.998297195780241,493.32869882167483,1.2340302293735141,45.59300434772966,31.899784110732632
7.22178100889697,171.3647325295449,4.197222718400515,329.0160481184168,3.5590481332999664
7.893367786049772,342.2058468757955,25.891466317981447,324.3858513107901,3.624122765955253
7.921122353848629,305.6291417947401,69.41419776210124,127.22915646104398,10.789750413532623
4.227357243891369,596.4172561212091,25.76473350112342,173.9135729749465,7.624973740353697
5.026913179983545,335.10315892472,89.90236626549193,0.391306931949832,3832.3080186586353
3.8406888445156993,517.2663633160539,40.53471463345756,133.3425828469723,10.249219626422283
2.504743392424095,133.20239357979332,68.90468678163704,144.13749005619383,9.406730403139433
2.7598108618047057,290.65657521711677,58.54147485368787,65.79457570268139,21.79823198158977
6.109504405918105,424.99946626748863,79.27089505750433,51.957091574758365,27.86997625418905
5.580054330239811,456.63650269285654,10.28082172572741,250.81197877651553,4.980575598171751
7.68331688080494,217.97701837532992,40.73830087557914,265.9402849526601,4.640363964666031
2.703481965551557,225.65260093559073,0.012535283850669534,123.49875071753635,11.145871851212222
7.102105155997319,574.5562144557559,65.9344833100665,132.29797065331766,10.338042394699304
1.183350818283711,253.40620315903024,26.09236695678878,48.547919760765474,29.897307390135413
4.71879393765112,166.94207163783238,84.50351467676343,21.431975876551515,68.98888056985605
5.003758872811014,508.7342944794977,66.50055182556935,91.14346462893738,15.457570557656428
1.0778836766974567,499.8260496121217,22.041847884731812,45.640307421111196,31.865685722926706
2.833372502888207,315.23892927639554,36.94029721916904,103.4503662745298,13.499706999774157
3.652945914271294,105.78751030716695,9.776701406893752,575.5683316523482,1.6061197559180904
2.345044416706607,443.9806778450866,77.74128017336623,22.745430202166244,64.94731278624671
3.2908922296106162,364.36094332156426,5.201812070851907,149.71331846240224,9.019148699697665
